FSS_Algorithm;Correlation;Mean Absolute Error;Root Mean Squared Error;Accuracy
Consistency_ElasticSearch_class.csv;;0.5;0.6636637449264526;89.90182280540466
Consistency_MCT_class.csv;;0.5;0.6712775826454163;92.90989637374878
Consistency_NEO4J_class.csv;-5.195000696289753e-06;0.5;0.6459192633628845;88.92905712127686
LinearCorr_ElasticSearch_class.csv;;0.5;0.7071062922477722;100.0
LinearCorr_MCT_class.csv;;0.5;0.7070567607879639;99.83948469161987
LinearCorr_NEO4J_class.csv;;0.5;0.707037091255188;99.89727735519409
OneR_ElasticSearch_class.csv;;0.5;0.7061402201652527;99.71949458122253
OneR_MCT_class.csv;;0.5;0.6987034678459167;97.78434038162231
OneR_NEO4J_class.csv;-7.939503632314882e-06;0.5;0.7053046822547913;99.95481371879578
OriginalDatasetElasticsearch-0.90.11-Unified_file.csv;;0.5;0.706528902053833;100.0
OriginalDatasetNeo4j-Unified_file.csv;;0.5;0.7065865993499756;100.0
OriginalDataset_ElasticSearch_class.csv;;0.5;0.6965897083282471;97.02563881874084
OriginalDataset_Elasticsearch-0.90.11-Unified_file.csv;-1.5069473136009037e-05;0.5;0.6419891715049744;87.52495050430298
OriginalDataset_MCT_class.csv;;0.5;0.6748459935188293;97.27126955986023
OriginalDataset_Neo4j-Unified_file.csv;;0.5;0.6676919460296631;93.90018582344055
OriginalDataset_Neo4j_class.csv;;0.5;0.694983184337616;97.12377786636353
OriginalDataset_mct-1.7b1-Unified_file.csv;2.598896458039235e-05;0.5;0.6554051637649536;89.05109763145447
OriginalDatasetmct-1.7b1-Unified_file.csv;;0.5;0.7064104676246643;100.0
RankCorr_ElasticSearch_class.csv;;0.5;0.7071061730384827;99.94871616363525
RankCorr_MCT_class.csv;;0.5;0.7064478993415833;99.83948469161987
RankCorr_NEO4J_class.csv;;0.5;0.7070096135139465;99.74319338798523
Relief_ElasticSearch_class.csv;;0.5;0.703833281993866;98.8312304019928
Relief_MCT_class.csv;;0.5;0.6996269822120667;99.40915703773499
Relief_NEO4J_class.csv;-1.4007190429765615e-05;0.5;0.6996860504150391;98.28287363052368
